artist,earliest_eurovision_year,earliest_eurovision_rank,wikipedia_slug,wikipedia_url,scraped_at,born,origin,genres,occupation,years_active,labels
Måns Zelmerlöw,2015,1,Måns_Zelmerlöw,https://en.wikipedia.org/wiki/Måns_Zelmerlöw,2026-05-20T09:29:24,"Måns Petter Albert Sahlén Zelmerlöw ( 1986-06-13 ) 13 June 1986 (age 39) Lund , Sweden",,Pop,Singer songwriter television presenter model actor,2005–present,Warner Music Sweden
Polina Gagarina,2015,2,Polina_Gagarina,https://en.wikipedia.org/wiki/Polina_Gagarina,2026-05-20T09:29:26,"Polina Sergeyevna Gagarina ( 1987-03-27 ) 27 March 1987 (age 39) Moscow , Russian SFSR, Soviet Union",,pop,singer songwriter actress,2003–present,
Il Volo,2015,3,Il_Volo,https://en.wikipedia.org/wiki/Il_Volo,2026-05-20T09:29:27,,Italy,Operatic pop classical crossover,,2010–present,Geffen Universal / Interscope Sony Music Latin
Loïc Nottet,2015,4,Loïc_Nottet,https://en.wikipedia.org/wiki/Loïc_Nottet,2026-05-20T09:29:29,"Loïc Jean-Pierre Nottet ( 1996-04-10 ) 10 April 1996 (age 30) Charleroi , Wallonia , Belgium",,Electropop synthpop [ 1 ] [ 2 ],Singer songwriter dancer,2014–present,Sony
Aminata Savadogo,2015,5,Aminata_Savadogo,https://en.wikipedia.org/wiki/Aminata_Savadogo,2026-05-20T09:29:31,"Aminata Savadogo ( 1993-01-09 ) 9 January 1993 (age 33) Riga , Latvia",,Pop electronic R&B soul funk,Singer songwriter record producer model,2008–present,
Guy Sebastian,2015,6,Guy_Sebastian,https://en.wikipedia.org/wiki/Guy_Sebastian,2026-05-20T09:29:32,"Guy Theodore Sebastian ( 1981-10-26 ) 26 October 1981 (age 44) Klang , Selangor , Malaysia","Adelaide , South Australia",Pop R&B,Singer songwriter record producer,,Sony The Cherry Party [ 1 ] RAL RCA [ 2 ]
Elina Born and Stig Rästa,2015,7,Elina_Born,https://en.wikipedia.org/wiki/Elina_Born,2026-05-20T09:29:33,"( 1994-06-29 ) 29 June 1994 (age 31) Lehtse , Estonia",,Pop,Singer,2012–present,
Bojana Stamenov,2015,9,Bojana_Stamenov,https://en.wikipedia.org/wiki/Bojana_Stamenov,2026-05-20T09:29:35,"( 1986-06-24 ) 24 June 1986 (age 39) Belgrade , SR Serbia , SFR Yugoslavia",,"Soul , jazz , R&B , funk , electropop",Singer,2009-present,
Nadav Guedj,2015,10,Nadav_Guedj,https://en.wikipedia.org/wiki/Nadav_Guedj,2026-05-20T09:29:37,"( 1998-11-02 ) November 2, 1998 (age 27) Paris , France","Netanya , Israel","Pop , R&B , funk , dance",Singer actor,2015-present,
Jamala,2016,1,Jamala,https://en.wikipedia.org/wiki/Jamala,2026-05-20T09:29:39,"Susana Alimivna Jamaladinova ( Susana Alim qızı Camaladinova ) ( 1983-08-27 ) 27 August 1983 (age 42) Osh , Kirghiz SSR , Soviet Union (present day Kyrgyzstan )",Crimea,Electro minimal ethnic fusion soul hip hop pop,Singer,2001–present,Moon Enjoy! Universal
Dami Im,2016,2,Dami_Im,https://en.wikipedia.org/wiki/Dami_Im,2026-05-20T09:29:40,"Im Da-mi ( 1988-10-17 ) 17 October 1988 (age 37) Seoul , South Korea [ 1 ] [ 2 ]","Brisbane , Queensland , Australia",Pop R&B soul gospel [ 3 ],"Singer, songwriter",2005–present,Sony (2013–2019) ABC Music (2020–present)
Sergey Lazarev,2019,3,Sergey_Lazarev,https://en.wikipedia.org/wiki/Sergey_Lazarev,2026-05-20T09:29:42,"Sergey Vyacheslavovich Lazarev ( 1983-04-01 ) 1 April 1983 (age 43) Moscow , Soviet Union",,Pop,Singer dancer,,Style Sony Music Russia Koala Music
Poli Genova,2016,4,Poli_Genova,https://en.wikipedia.org/wiki/Poli_Genova,2026-05-20T09:29:43,"Poli Plamenova Genova ( 1987-02-10 ) 10 February 1987 (age 39) Sofia , Bulgaria",,Pop,Singer songwriter actress television presenter,1991–present,Virgin Records Cat Music Universal Ultra Sony
Frans,2016,5,Frans_(singer),https://en.wikipedia.org/wiki/Frans_(singer),2026-05-20T09:29:45,"( 1998-12-19 ) 19 December 1998 (age 27) Ystad , Scania , Sweden",,,singer songwriter,2006–present,
Iveta Mukuchyan,2016,7,Iveta_Mukuchyan,https://en.wikipedia.org/wiki/Iveta_Mukuchyan,2026-05-20T09:29:47,"( 1986-10-14 ) 14 October 1986 (age 39) Yerevan , Armenian SSR , USSR",,Pop R&B Folk,Singer,,Sister Jack Mukuchyan
Michał Szpak,2016,8,Michał_Szpak,https://en.wikipedia.org/wiki/Michał_Szpak,2026-05-20T09:29:48,"( 1990-11-26 ) 26 November 1990 (age 35) Jasło , Poland",,"Rock , pop , operatic pop , soul , jazz , electronic","Singer , songwriter",2009–present,"Universal Music Polska , Sony Music Entertainment Poland , Warner Music Poland"
Donny Montell,2016,9,Donny_Montell,https://en.wikipedia.org/wiki/Donny_Montell,2026-05-20T09:29:49,"Donatas Montvydas ( 1987-10-22 ) 22 October 1987 (age 38) Vilnius , Lithuania",Lithuania,"Pop, soul , R'n'B",Singer-songwriter,2008–present,
Laura Tesoro,2016,10,Laura_Tesoro,https://en.wikipedia.org/wiki/Laura_Tesoro,2026-05-20T09:29:50,"( 1996-08-19 ) 19 August 1996 (age 29) Antwerp , Belgium",,Pop R&B funk dance,Singer actress,2008–present,
Salvador Sobral,2017,1,Salvador_Sobral,https://en.wikipedia.org/wiki/Salvador_Sobral,2026-05-20T09:29:52,"Salvador Vilar Braamcamp Sobral ( 1989-12-28 ) 28 December 1989 (age 36) Lisbon , Portugal",,Alternative soul jazz,Singer,2009–present,Valentim de Carvalho
Kristian Kostov,2017,2,Kristian_Kostov,https://en.wikipedia.org/wiki/Kristian_Kostov,2026-05-20T09:29:53,"Kristian Konstantinov Kostov ( 2000-03-15 ) 15 March 2000 (age 26) Moscow , Russia",Bulgaria ; Kazakhstan,Pop acoustic soul,Singer songwriter musician actor model,2014–present,Holistic Monkeys Xuman Symphonix Universal Virginia
SunStroke Project,2017,3,SunStroke_Project,https://en.wikipedia.org/wiki/SunStroke_Project,2026-05-20T09:29:55,,"Chișinău , Moldova",Electro house dance pop,,2007–present,Sens Warner Bis
Blanche,2017,4,Blanche_(singer),https://en.wikipedia.org/wiki/Blanche_(singer),2026-05-20T09:29:56,"Ellie Noa Blanche Delvaux ( 1999-06-10 ) 10 June 1999 (age 26) Uccle , Brussels , Belgium [ 1 ]",,Indie pop,Singer songwriter,2016–present,PIAS Belgium
Robin Bengtsson,2017,5,Robin_Bengtsson,https://en.wikipedia.org/wiki/Robin_Bengtsson,2026-05-20T09:29:57,"Hans Robin Gustav Bengtsson ( 1990-04-27 ) 27 April 1990 (age 36) Svenljunga , Sweden",,Pop,Singer,2008–present,Reeflake Records
Francesco Gabbani,2017,6,Francesco_Gabbani,https://en.wikipedia.org/wiki/Francesco_Gabbani,2026-05-20T09:29:59,"( 1982-09-09 ) 9 September 1982 (age 43) Carrara , Italy",,Electropop indie pop,Singer songwriter multi-instrumentalist,2000–present,BMG
Ilinca and Alex Florea,2017,7,Ilinca_Băcilă,https://en.wikipedia.org/wiki/Ilinca_Băcilă,2026-05-20T09:30:00,"( 1998-08-17 ) 17 August 1998 (age 27) Târgu Mureș , Romania","Cluj Napoca , Romania",Pop,Singer yodeler,2012–present,
Joci Pápai,2017,8,Joci_Pápai,https://en.wikipedia.org/wiki/Joci_Pápai,2026-05-20T09:30:02,"József Pápai ( 1981-09-22 ) 22 September 1981 (age 44) Tata , Hungary",,Romani music traditional folk hip hop pop rock soul R&B,Singer actor rapper guitarist,2005–present,
Jacques Houdek,2017,9,Jacques_Houdek,https://en.wikipedia.org/wiki/Jacques_Houdek,2026-05-20T09:30:03,"Željko Houdek ( 1981-04-15 ) 15 April 1981 (age 45) Velika Gorica , SR Croatia , Yugoslavia",,Pop soul R'n'B gospel swing jazz blues,,2000–present,
JOWST,2017,10,JOWST,https://en.wikipedia.org/wiki/JOWST,2026-05-20T09:30:04,"Joakim With Steen ( 1989-06-26 ) 26 June 1989 (age 36) Trondheim , Norway","Kolbotn , Norway",EDM punk rock,Music producer songwriter sound engineer audio mixer teacher,2011–present,Three15 Records Red Line Records
Netta,2018,1,Netta_Barzilai,https://en.wikipedia.org/wiki/Netta_Barzilai,2026-05-20T09:30:05,"( 1993-01-22 ) 22 January 1993 (age 33) Hod HaSharon , Israel",,Pop electropop experimental pop folk pop,Singer,2012–present,S-Curve Tedy Productions BMG
Eleni Foureira,2018,2,Eleni_Foureira,https://en.wikipedia.org/wiki/Eleni_Foureira,2026-05-20T09:30:07,"Entela Fureraj ( 1987-03-07 ) 7 March 1987 (age 39) Fier , Albania","Athens , Greece",Pop,Singer,2007–present,Universal Music Greece Minos EMI Panik Records Sony Music
Cesár Sampson,2018,3,Cesár_Sampson,https://en.wikipedia.org/wiki/Cesár_Sampson,2026-05-20T09:30:08,"( 1983-08-18 ) 18 August 1983 (age 42) Linz , Austria",,Pop R&B blues country electronic,Singer songwriter model,2000–present,Symphonix Music
Michael Schulte,2018,4,Michael_Schulte_(singer),https://en.wikipedia.org/wiki/Michael_Schulte_(singer),2026-05-20T09:30:10,"( 1990-04-30 ) 30 April 1990 (age 36) Eckernförde , Schleswig-Holstein , West Germany",,Pop,Singer songwriter,2008–present,Polydor
Ermal Meta and Fabrizio Moro,2018,5,Ermal_Meta,https://en.wikipedia.org/wiki/Ermal_Meta,2026-05-20T09:30:11,"( 1981-04-20 ) 20 April 1981 (age 45) Fier , Albania","Bari , Italy",Pop rock alternative,Singer songwriter composer,2006–present,Mescal [ 1 ]
Mikolas Josef,2018,6,Mikolas_Josef,https://en.wikipedia.org/wiki/Mikolas_Josef,2026-05-20T09:30:13,"Mikoláš Josef ( 1995-10-04 ) 4 October 1995 (age 30) Prague , Czech Republic",,Pop house folk hip hop R&B pop rock,Singer songwriter,,
Benjamin Ingrosso,2018,7,Benjamin_Ingrosso,https://en.wikipedia.org/wiki/Benjamin_Ingrosso,2026-05-20T09:30:14,"Benjamin Daniele Wahlgren Ingrosso ( 1997-09-14 ) 14 September 1997 (age 28) Danderyd , Sweden",,Pop electropop,"Singer, songwriter, record producer, actor",2005–present,TEN Hitco 6&7 Universal Music Group
Elina Nechayeva,2018,8,Elina_Nechayeva,https://en.wikipedia.org/wiki/Elina_Nechayeva,2026-05-20T09:30:15,"Elina Netšajeva ( 1991-11-10 ) 10 November 1991 (age 34) Tallinn , Estonia",,Opera operatic pop classical crossover,Soprano,2009–present,
Rasmussen,2018,9,Rasmussen_(singer),https://en.wikipedia.org/wiki/Rasmussen_(singer),2026-05-20T09:30:16,"Jonas Flodager Rasmussen ( 1985-01-23 ) 23 January 1985 (age 41) Viborg , Denmark",,Pop rock,Singer actor,,Renegade Records
DoReDoS,2018,10,DoReDoS,https://en.wikipedia.org/wiki/DoReDoS,2026-05-20T09:30:18,,"Rîbnița , Moldova",Worldbeat dance,,2011–present,
Duncan Laurence,2019,1,Duncan_Laurence,https://en.wikipedia.org/wiki/Duncan_Laurence,2026-05-20T09:30:19,"Duncan de Moor ( 1994-04-11 ) 11 April 1994 (age 32) Spijkenisse , Netherlands",,Pop,Singer songwriter,2014–present,Capitol Universal [ 1 ] Yellowfield Spark
Mahmood and Blanco,2022,6,Mahmood_(singer),https://en.wikipedia.org/wiki/Mahmood_(singer),2026-05-20T09:30:21,"Alessandro Mahmoud ( 1992-09-12 ) 12 September 1992 (age 33) Milan , Italy",,Pop R&B hip hop,Singer songwriter,2012–present,Universal Music
Luca Hänni,2019,4,Luca_Hänni,https://en.wikipedia.org/wiki/Luca_Hänni,2026-05-20T09:30:22,"( 1994-10-08 ) 8 October 1994 (age 31) Bern , Switzerland",,Pop Eurodance,Singer television personality,2012–present,Universal Music Germany
KEiiNO,2019,5,KEiiNO,https://en.wikipedia.org/wiki/KEiiNO,2026-05-20T09:30:24,,Norway,Electropop dance-pop joik Sámi folk,,2018–present,
John Lundvik,2019,6,John_Lundvik,https://en.wikipedia.org/wiki/John_Lundvik,2026-05-20T09:30:25,"( 1983-01-27 ) 27 January 1983 (age 43) London , England","Växjö , Sweden",Pop R&B soul,Singer songwriter sprinter,2010–present,
Chingiz,2019,7,Chingiz_Mustafayev_(singer),https://en.wikipedia.org/wiki/Chingiz_Mustafayev_(singer),2026-05-20T09:30:26,"Çingiz Mustafayev ( 1991-03-11 ) 11 March 1991 (age 35) Moscow, Russian SFSR , USSR","Baku , Azerbaijan","Pop, folk",Singer,2007–present,
Lake Malawi,2019,8,Lake_Malawi_(band),https://en.wikipedia.org/wiki/Lake_Malawi_(band),2026-05-20T09:30:27,,"Třinec , Czech Republic",Indie pop,,2013–present,
Kate Miller-Heidke,2019,9,Kate_Miller-Heidke,https://en.wikipedia.org/wiki/Kate_Miller-Heidke,2026-05-20T09:30:29,"Kate Melina Miller-Heidke ( 1981-11-16 ) 16 November 1981 (age 44) Gladstone, Queensland , Australia","Brisbane , Queensland, Australia",Folk pop rock country country rock alternative opera,Singer songwriter,,Waterbear/ Sony BMG Epic US RCA UK Cooking Vinyl Australia
Hatari,2019,10,Hatari_(band),https://en.wikipedia.org/wiki/Hatari_(band),2026-05-20T09:30:30,,"Reykjavík , Iceland",Techno industrial punk rock aggrotech,,2015 ( 2015 ) –present,Svikamylla ehf.
Måneskin,2021,1,Måneskin,https://en.wikipedia.org/wiki/Måneskin,2026-05-20T09:30:32,,"Rome , Italy",Pop rock alternative rock glam rock hard rock funk rock,,2016–2024 [ a ],RCA Sony Epic
Barbara Pravi,2021,2,Barbara_Pravi,https://en.wikipedia.org/wiki/Barbara_Pravi,2026-05-20T09:30:33,"Barbara Piévic ( 1993-04-10 ) 10 April 1993 (age 33) Paris , France","Montmartre , France",Chanson French pop,Singer songwriter actress,2014–present,Capitol Music France Virgin UMG
Gjon's Tears,2021,3,Gjon's_Tears,https://en.wikipedia.org/wiki/Gjon's_Tears,2026-05-20T09:30:35,"Gjon Muharremaj ( 1998-06-29 ) 29 June 1998 (age 27) Saanen , Bern , Switzerland","Broc , Switzerland",Pop,Singer Songwriter,2011–present,"Nvak Collective, Jo & Co"
Daði og Gagnamagnið,2021,4,Daði_og_Gagnamagnið,https://en.wikipedia.org/wiki/Daði_og_Gagnamagnið,2026-05-20T09:30:37,"Daði Freyr Pétursson ( 1992-06-30 ) 30 June 1992 (age 33) Reykjavík , Iceland",,,Musician,2012–present,
Go_A,2021,5,Go_A,https://en.wikipedia.org/wiki/Go_A,2026-05-20T09:30:38,,"Kyiv , Ukraine",Folk rock folktronica,,2012 ( 2012 ) –present,Moon Records Ukraine
Blind Channel,2021,6,Blind_Channel,https://en.wikipedia.org/wiki/Blind_Channel,2026-05-20T09:30:39,,"Oulu , Finland",Nu metal alternative rock post-hardcore alternative metal electronicore,,2013–2024 [ a ],Frontiers Sony Century Media
Destiny,2021,7,Destiny_Chukunyere,https://en.wikipedia.org/wiki/Destiny_Chukunyere,2026-05-20T09:30:41,"Destiny Chukunyere ( 2002-08-29 ) 29 August 2002 (age 23) Birkirkara , Malta",,Pop R&B soul funk,Singer,2013–present,
The Roop,2021,8,The_Roop,https://en.wikipedia.org/wiki/The_Roop,2026-05-20T09:30:42,,"Vilnius , Lithuania",Pop rock soft rock dance-rock electronica indie,,2014 ( 2014 ) –present,Musica Publica Warner [ 1 ]
Manizha,2021,9,Manizha,https://en.wikipedia.org/wiki/Manizha,2026-05-20T09:30:44,"Manizha Dalerovna Khamrayeva ( 1991-07-08 ) 8 July 1991 (age 34) Dushanbe , Tajik SSR , Soviet Union","Moscow , Russia",Art pop folktronica,Singer songwriter,2003–present,
The Black Mamba,2021,10,The_Black_Mamba_(band),https://en.wikipedia.org/wiki/The_Black_Mamba_(band),2026-05-20T09:30:45,,"Sintra , Portugal",,,2010–present,
Kalush Orchestra,2022,1,Kalush_Orchestra,https://en.wikipedia.org/wiki/Kalush_Orchestra,2026-05-20T09:30:46,,"Kalush , Ukraine",Hip hop [ 1 ] [ 2 ] Folk rap [ 3 ],,2021–present,Universal Music
Sam Ryder,2022,2,Sam_Ryder,https://en.wikipedia.org/wiki/Sam_Ryder,2026-05-20T09:30:48,"Sam Ryder Robinson ( 1989-06-25 ) 25 June 1989 (age 36) Maldon , Essex , England",,Pop pop rock metalcore glam metal hard rock indie pop,Singer songwriter social media personality,2009–present,Parlophone F04 Warner
Cornelia Jakobs,2022,4,Cornelia_Jakobs,https://en.wikipedia.org/wiki/Cornelia_Jakobs,2026-05-20T09:30:51,"Anna Cornelia Jakobsdotter Samuelsson ( 1992-03-09 ) 9 March 1992 (age 34) Nacka Municipality , Sweden",,Pop,Singer songwriter,2010–present,
Konstrakta,2022,5,Konstrakta,https://en.wikipedia.org/wiki/Konstrakta,2026-05-20T09:30:53,"Ana Ignjatović ( 1978-10-12 ) 12 October 1978 (age 47) Belgrade , SR Serbia , SFR Yugoslavia",,Pop-rock indie-pop avant-pop art pop jazz,Singer songwriter,1997–present,PGP-RTS Croatia Records
Zdob și Zdub and Frații Advahov,2022,7,Zdob_și_Zdub,https://en.wikipedia.org/wiki/Zdob_și_Zdub,2026-05-20T09:30:54,,"Chișinău , Moldova",Folk punk • hardcore punk • punk rock • rapcore • folk rock,,1994–present,
Amanda Tenfjord,2022,8,Amanda_Tenfjord,https://en.wikipedia.org/wiki/Amanda_Tenfjord,2026-05-20T09:30:55,Amanda Klara Georgiadis Tenfjord [ 1 ] ( 1997-01-09 ) 9 January 1997 (age 29),"Tennfjord , Norway",Synth-pop [ 2 ] Indie pop [ 3 ] Nordic pop [ 3 ],,2014–present,Propeller Recordings
Subwoolfer,2022,10,Subwoolfer,https://en.wikipedia.org/wiki/Subwoolfer,2026-05-20T09:30:57,,Norway,Pop electropop EDM [ 1 ],,2021–present,Universal Music
Loreen,2023,1,Loreen_(singer),https://en.wikipedia.org/wiki/Loreen_(singer),2026-05-20T09:30:59,"Lorine Zineb Nora Talhaoui ( 1983-10-16 ) 16 October 1983 (age 42) Stockholm , Sweden",,Dance-pop [ 1 ] [ 2 ],Singer songwriter,2004–present,Warner [ A ] BMG [ B ] Universal [ C ] Promised Land Recordings [ D ] Polydor France [ E ] [ 3 ]
Käärijä,2023,2,Käärijä,https://en.wikipedia.org/wiki/Käärijä,2026-05-20T09:31:00,"Jere Mikael Pöyhönen ( 1993-10-21 ) 21 October 1993 (age 32) Helsinki , Finland [ 1 ]","Vantaa , Finland",Pop rap electronic synth-pop rap metal punk rap [ 2 ] [ 3 ],Rapper singer songwriter,2016–present,Monsp Warner Music Finland
Noa Kirel,2023,3,Noa_Kirel,https://en.wikipedia.org/wiki/Noa_Kirel,2026-05-20T09:31:02,"Noya Kirel (נויה קירל) ( 2001-04-10 ) 10 April 2001 (age 25) Ra'anana , Israel","Ra'anana , Israel",Pop dance-pop,Singer songwriter dancer actress television host reality television program judge,,Atlantic NMC Roberto Music [ 2 ]
Marco Mengoni,2023,4,Marco_Mengoni,https://en.wikipedia.org/wiki/Marco_Mengoni,2026-05-20T09:31:03,"( 1988-12-25 ) 25 December 1988 (age 37) Ronciglione , Viterbo, Italy",,Pop soul rock R&B,Singer songwriter,2009–present,Sony Music
Alessandra,2023,5,Alessandra_Mele,https://en.wikipedia.org/wiki/Alessandra_Mele,2026-05-20T09:31:05,"Alessandra Watle Mele ( 2002-09-05 ) 5 September 2002 (age 23) Pietra Ligure , Savona , Italy","Lillehammer , Norway",EDM pop,Singer,2022–present,Starlab Music
Tvorchi,2023,6,Tvorchi,https://en.wikipedia.org/wiki/Tvorchi,2026-05-20T09:31:06,,"Ternopil , Ukraine",Electronic,,2017–present,
Alika,2023,8,Alika_Milova,https://en.wikipedia.org/wiki/Alika_Milova,2026-05-20T09:31:08,"Alika Milova ( 2002-09-05 ) 5 September 2002 (age 23) Narva , Estonia",,,Singer songwriter,2021–present,Universal Music Group
Monika Linkytė,2023,9,Monika_Linkytė,https://en.wikipedia.org/wiki/Monika_Linkytė,2026-05-20T09:31:09,"( 1992-06-03 ) 3 June 1992 (age 33) Šilutė , Lithuania",,Electropop indie pop electronic,Singer songwriter,2005–present,
Voyager,2023,10,Voyager_(Australian_band),https://en.wikipedia.org/wiki/Voyager_(Australian_band),2026-05-20T09:31:10,,"Perth , Western Australia",Progressive metal [ 1 ] progressive rock [ 2 ] [ 3 ],,1999−present,V Dockyard 1 Locomotive Riot! Iav Season of Mist
Nemo,2024,1,Nemo_(singer),https://en.wikipedia.org/wiki/Nemo_(singer),2026-05-20T09:31:12,"Nemo Mettler ( 1999-08-03 ) 3 August 1999 (age 26) Biel , Canton of Bern , Switzerland",,Hip hop pop,Singer rapper,,Bakara Music [ 1 ]
Baby Lasagna,2024,2,Baby_Lasagna,https://en.wikipedia.org/wiki/Baby_Lasagna,2026-05-20T09:31:14,"Marko Purišić ( 1995-07-05 ) 5 July 1995 (age 30) Rijeka , Croatia",,Pop punk techno heavy metal house [ 1 ],Singer songwriter producer,2011–present,Molly Studios Virgin
Alyona Alyona and Jerry Heil,2024,3,Alyona_Alyona,https://en.wikipedia.org/wiki/Alyona_Alyona,2026-05-20T09:31:15,"Aliona Olehivna Savranenko ( 1991-06-14 ) 14 June 1991 (age 34) Kapitanivka , Kirovohrad Oblast , Ukrainian SSR , USSR",,Ukrainian hip hop pop,Rapper singer songwriter,2018–present,Def Jam Polska [ 1 ]
Slimane,2024,4,Slimane_(singer),https://en.wikipedia.org/wiki/Slimane_(singer),2026-05-20T09:31:16,"Slimane Nebchi ( 1989-10-13 ) 13 October 1989 (age 36) Montfermeil , Seine-Saint-Denis , France",,Pop,"Singer, songwriter",2016–present,
Eden Golan,2024,5,Eden_Golan,https://en.wikipedia.org/wiki/Eden_Golan,2026-05-20T09:31:18,"( 2003-10-05 ) 5 October 2003 (age 22) Kfar Saba , Israel",,Pop dance-pop R&B,Singer songwriter dancer model,2015–present,Session 42
Bambie Thug,2024,6,Bambie_Thug,https://en.wikipedia.org/wiki/Bambie_Thug,2026-05-20T09:31:19,"( 1993-03-06 ) 6 March 1993 (age 33) Macroom , County Cork , Ireland",,,"Singer, songwriter",2020 ( 2020 ) –present,
Angelina Mango,2024,7,Angelina_Mango,https://en.wikipedia.org/wiki/Angelina_Mango,2026-05-20T09:31:20,"( 2001-04-10 ) 10 April 2001 (age 25) Maratea , Basilicata, Italy",,Pop,Singer songwriter,2020 ( 2020 ) –present,LaTarma BMG Warner
Ladaniva,2024,8,Ladaniva,https://en.wikipedia.org/wiki/Ladaniva,2026-05-20T09:31:22,,"Lille , France",World,,2019–present,Jiguli / PIAS Recordings
Marcus and Martinus,2024,9,Marcus_&_Martinus,https://en.wikipedia.org/wiki/Marcus_&_Martinus,2026-05-20T09:31:23,"( 2002-02-21 ) 21 February 2002 (age 24) Elverum , Hedmark , Norway","Trofors , [ 1 ] Nordland , Norway",Dance-pop pop-rap,,2012–present,Universal Music
Iolanda,2024,10,Iolanda_(singer),https://en.wikipedia.org/wiki/Iolanda_(singer),2026-05-20T09:31:24,"Iolanda Portulez ( 1994-11-04 ) 4 November 1994 (age 31) Figueira da Foz , Portugal",,Fado pop,Singer songwriter producer,2008–present,Altafonte Portugal
Yuval Raphael,2025,2,Yuval_Raphael,https://en.wikipedia.org/wiki/Yuval_Raphael,2026-05-20T09:31:26,"( 2000-11-05 ) 5 November 2000 (age 25) Tel Aviv , Israel [ 1 ]","Ra'anana , Israel",Pop ballad,Singer songwriter,2024–present,
KAJ,2025,4,KAJ_(group),https://en.wikipedia.org/wiki/KAJ_(group),2026-05-20T09:31:28,,"Vörå , Finland",Comedy dance-pop,,2009 ( 2009 ) –present,Pjas Productions Ab Warner Music Finland Warner Music Sweden
Lucio Corsi,2025,5,Lucio_Corsi,https://en.wikipedia.org/wiki/Lucio_Corsi,2026-05-20T09:31:29,"( 1993-10-15 ) 15 October 1993 (age 32) Grosseto , Italy",,Rock pop rock glam rock blues folk [ 1 ],Singer songwriter,2011–present,Picicca Dischi (2014–2019) Sugar Music (2019–present)
Louane,2025,7,Louane,https://en.wikipedia.org/wiki/Louane,2026-05-20T09:31:31,,,,,,
Shkodra Elektronike,2025,8,Shkodra_Elektronike,https://en.wikipedia.org/wiki/Shkodra_Elektronike,2026-05-20T09:31:32,,"Shkodër , Albania",Folktronica,,2019–present,Alt Orient
Ziferblat,2025,9,Ziferblat_(band),https://en.wikipedia.org/wiki/Ziferblat_(band),2026-05-20T09:31:34,,"Kyiv , Ukraine",,,2015–present,
Zoë Më,2025,10,Zoë_Më,https://en.wikipedia.org/wiki/Zoë_Më,2026-05-20T09:31:35,"Zoë Anina Kressler ( 2000-10-06 ) 6 October 2000 (age 25) Basel , Switzerland",,Pop chanson,Singer songwriter,2018-present,
