artist,total_releases,releases_before,releases_after,first_release_year,event_year,event_rank,event_country,career_start_year,birth_year,primary_genre,genre_count,origin,years_before,years_after,releases_per_year_before,releases_per_year_after,bump_ratio,rank_group,enough_after_data
Alessandra,58,44,14,2009,2023,5,Norway,2022.0,2002.0,edm pop,1.0,"Lillehammer , Norway",1.0,3,44.0,4.666666666666667,0.10606060606060606,Top-10,True
Alika,29,29,0,2000,2023,8,Estonia,2021.0,2002.0,unknown,0.0,,2.0,3,14.5,0.0,0.0,Top-10,True
Amanda Tenfjord,25,17,0,2014,2022,8,Greece,2014.0,1997.0,synth-pop [ 2 ] indie pop [ 3 ] nordic pop [ 3 ],1.0,"Tennfjord , Norway",8.0,4,2.125,0.0,0.0,Top-10,True
Amir,38,1,31,2013,2016,6,France,2013.0,,Unknown,,,3.0,10,0.3333333333333333,3.1,9.3,Top-10,True
Angelina Mango,49,18,7,2020,2024,7,Italy,2020.0,2001.0,pop,1.0,,4.0,2,4.5,3.5,0.7777777777777778,Top-10,True
Baby Lasagna,11,2,5,2023,2024,2,Croatia,2011.0,1995.0,pop punk techno heavy metal house [ 1 ],1.0,,13.0,2,0.15384615384615385,2.5,16.25,Runner-up,True
Bambie Thug,42,37,1,2013,2024,6,Ireland,2020.0,1993.0,unknown,0.0,,4.0,2,9.25,0.5,0.05405405405405406,Top-10,True
Barbara Pravi,25,8,12,2016,2021,2,France,2014.0,1993.0,chanson french pop,1.0,"Montmartre , France",7.0,5,1.1428571428571428,2.4,2.1,Runner-up,True
Benjamin Ingrosso,77,11,54,2006,2018,7,Sweden,2005.0,1997.0,pop electropop,1.0,,13.0,8,0.8461538461538461,6.75,7.9772727272727275,Top-10,True
Blanche,32,27,3,2011,2017,4,Belgium,2016.0,1999.0,indie pop,1.0,,1.0,9,27.0,0.3333333333333333,0.012345679012345678,Top-10,True
Blind Channel,49,31,14,2014,2021,6,Finland,2013.0,,nu metal alternative rock post-hardcore alternative metal electronicore,1.0,"Oulu , Finland",8.0,5,3.875,2.8,0.7225806451612903,Top-10,True
Bojana Stamenov,1,0,0,2015,2015,9,Serbia,2009.0,1986.0,soul,5.0,,6.0,11,0.0,0.0,,Top-10,True
Cesár Sampson,1,0,0,2018,2018,3,Austria,2000.0,1983.0,pop r&b blues country electronic,1.0,,18.0,8,0.0,0.0,,Runner-up,True
Chanel,6,6,0,2006,2022,3,Spain,2006.0,,Unknown,,,16.0,4,0.375,0.0,0.0,Runner-up,True
Chingiz,1,0,0,2019,2019,7,Azerbaijan,2007.0,1991.0,pop,2.0,"Baku , Azerbaijan",12.0,7,0.0,0.0,,Top-10,True
Cornelia Jakobs,19,9,5,2018,2022,4,Sweden,2010.0,1992.0,pop,1.0,,12.0,4,0.75,1.25,1.6666666666666667,Top-10,True
Dami Im,35,15,13,2010,2016,2,Australia,2005.0,1988.0,pop r&b soul gospel [ 3 ],1.0,"Brisbane , Queensland , Australia",11.0,10,1.3636363636363635,1.3,0.9533333333333335,Runner-up,True
Destiny,182,182,0,1997,2021,7,Malta,2013.0,2002.0,pop r&b soul funk,1.0,,8.0,5,22.75,0.0,0.0,Top-10,True
DoReDoS,2,0,1,2018,2018,10,Moldova,2011.0,,worldbeat dance,1.0,"Rîbnița , Moldova",7.0,8,0.0,0.125,inf,Top-10,True
Donny Montell,21,3,14,2012,2016,9,Lithuania,2008.0,1987.0,pop,3.0,Lithuania,8.0,10,0.375,1.4,3.733333333333333,Top-10,True
Duncan Laurence,45,0,42,2019,2019,1,Netherlands,2014.0,1994.0,pop,1.0,,5.0,7,0.0,6.0,inf,Winner,True
Eden Golan,6,2,2,2022,2024,5,Israel,2015.0,2003.0,pop dance-pop r&b,1.0,,9.0,2,0.2222222222222222,1.0,4.5,Top-10,True
Francesco Gabbani,25,5,14,2015,2017,6,Italy,2000.0,1982.0,electropop indie pop,1.0,,17.0,9,0.29411764705882354,1.5555555555555556,5.288888888888889,Top-10,True
Frans,157,144,11,1987,2016,5,Sweden,2006.0,1998.0,unknown,0.0,,10.0,10,14.4,1.1,0.0763888888888889,Top-10,True
Gjon's Tears,7,2,4,2020,2021,3,Switzerland,2011.0,1998.0,pop,1.0,"Broc , Switzerland",10.0,5,0.2,0.8,4.0,Runner-up,True
Go_A,22,9,6,2012,2021,5,Ukraine,2012.0,,folk rock folktronica,1.0,"Kyiv , Ukraine",9.0,5,1.0,1.2,1.2,Top-10,True
Gustaph,11,2,6,2014,2023,7,Belgium,2014.0,,Unknown,,,9.0,3,0.2222222222222222,2.0,9.0,Top-10,True
Guy Sebastian,72,42,24,2003,2015,6,Australia,2003.0,1981.0,pop r&b,1.0,"Adelaide , South Australia",12.0,11,3.5,2.1818181818181817,0.6233766233766234,Top-10,True
Hatari,18,2,12,2017,2019,10,Iceland,2015.0,,techno industrial punk rock aggrotech,1.0,"Reykjavík , Iceland",4.0,7,0.5,1.7142857142857142,3.4285714285714284,Top-10,True
Il Volo,55,21,23,2001,2015,3,Italy,2010.0,,operatic pop classical crossover,1.0,Italy,5.0,11,4.2,2.090909090909091,0.4978354978354978,Runner-up,True
Iolanda,5,1,1,2023,2024,10,Portugal,2008.0,1994.0,fado pop,1.0,,16.0,2,0.0625,0.5,8.0,Top-10,True
Iveta Mukuchyan,2,0,2,2020,2016,7,Armenia,2020.0,1986.0,pop r&b folk,1.0,,,10,,0.2,,Top-10,True
JJ,135,135,0,1958,2025,1,Austria,1958.0,,Unknown,,,67.0,1,2.014925373134328,0.0,0.0,Winner,False
JOWST,1,0,0,2017,2017,10,Norway,2011.0,1989.0,edm punk rock,1.0,"Kolbotn , Norway",6.0,9,0.0,0.0,,Top-10,True
Jacques Houdek,5,5,0,2004,2017,9,Croatia,2000.0,1981.0,pop soul r'n'b gospel swing jazz blues,1.0,,17.0,9,0.29411764705882354,0.0,0.0,Top-10,True
Jamala,40,11,25,2011,2016,1,Ukraine,2001.0,1983.0,electro minimal ethnic fusion soul hip hop pop,1.0,Crimea,15.0,10,0.7333333333333333,2.5,3.409090909090909,Winner,True
John Lundvik,11,4,1,2016,2019,6,Sweden,2010.0,1983.0,pop r&b soul,1.0,"Växjö , Sweden",9.0,7,0.4444444444444444,0.14285714285714285,0.32142857142857145,Top-10,True
KAJ,26,19,2,2012,2025,4,Sweden,2009.0,,comedy dance-pop,1.0,"Vörå , Finland",16.0,1,1.1875,2.0,1.6842105263157894,Top-10,False
KEiiNO,45,0,41,2019,2019,5,Norway,2018.0,,electropop dance-pop joik sámi folk,1.0,Norway,1.0,7,0.0,5.857142857142857,inf,Top-10,True
Kalush Orchestra,10,1,5,2021,2022,1,Ukraine,2021.0,,hip hop [ 1 ] [ 2 ] folk rap [ 3 ],1.0,"Kalush , Ukraine",1.0,4,1.0,1.25,1.25,Winner,True
Kate Miller-Heidke,47,40,4,2004,2019,9,Australia,2004.0,1981.0,folk pop rock country country rock alternative opera,1.0,"Brisbane , Queensland, Australia",15.0,7,2.6666666666666665,0.5714285714285714,0.21428571428571427,Top-10,True
Klavdia,17,12,1,2022,2025,6,Greece,2022.0,,Unknown,,,3.0,1,4.0,1.0,0.25,Top-10,False
Konstrakta,6,0,4,2022,2022,5,Serbia,1997.0,1978.0,pop-rock indie-pop avant-pop art pop jazz,1.0,,25.0,4,0.0,1.0,inf,Top-10,True
Käärijä,49,16,23,2016,2023,2,Finland,2016.0,1993.0,pop rap electronic synth-pop rap metal punk rap [ 2 ] [ 3 ],1.0,"Vantaa , Finland",7.0,3,2.2857142857142856,7.666666666666667,3.354166666666667,Runner-up,True
Ladaniva,15,11,0,2020,2024,8,Armenia,2019.0,,world,1.0,"Lille , France",5.0,2,2.2,0.0,0.0,Top-10,True
Lake Malawi,9,4,3,2014,2019,8,Czech Republic,2013.0,,indie pop,1.0,"Třinec , Czech Republic",6.0,7,0.6666666666666666,0.42857142857142855,0.6428571428571429,Top-10,True
Laura Tesoro,10,1,9,2014,2016,10,Belgium,2008.0,1996.0,pop r&b funk dance,1.0,,8.0,10,0.125,0.9,7.2,Top-10,True
Loreen,80,59,13,2005,2023,1,Sweden,2004.0,1983.0,dance-pop [ 1 ] [ 2 ],1.0,,19.0,3,3.1052631578947367,4.333333333333333,1.3954802259887005,Winner,True
Louane,76,67,1,2013,2025,7,France,2013.0,,unknown,0.0,,12.0,1,5.583333333333333,1.0,0.17910447761194032,Top-10,False
Loïc Nottet,10,0,9,2015,2015,4,Belgium,2014.0,1996.0,electropop synthpop [ 1 ] [ 2 ],1.0,,1.0,11,0.0,0.8181818181818182,inf,Top-10,True
Luca Hänni,36,13,21,2012,2019,4,Switzerland,2012.0,1994.0,pop eurodance,1.0,,7.0,7,1.8571428571428572,3.0,1.6153846153846154,Top-10,True
Lucio Corsi,16,8,1,2014,2025,5,Italy,2011.0,1993.0,rock pop rock glam rock blues folk [ 1 ],1.0,,14.0,1,0.5714285714285714,1.0,1.75,Top-10,False
MARO,22,7,11,2018,2022,9,Portugal,2018.0,,Unknown,,,4.0,4,1.75,2.75,1.5714285714285714,Top-10,True
Mahmood,43,8,20,2016,2019,2,Italy,2016.0,,Unknown,,,3.0,7,2.6666666666666665,2.857142857142857,1.0714285714285716,Runner-up,True
Manizha,51,34,10,2014,2021,9,Russia,2003.0,1991.0,art pop folktronica,1.0,"Moscow , Russia",18.0,5,1.8888888888888888,2.0,1.0588235294117647,Top-10,True
Marco Mengoni,72,55,5,2009,2023,4,Italy,2009.0,1988.0,pop soul rock r&b,1.0,,14.0,3,3.9285714285714284,1.6666666666666667,0.42424242424242425,Top-10,True
Marcus and Martinus,53,40,6,2015,2024,9,Sweden,2012.0,2002.0,dance-pop pop-rap,1.0,"Trofors , [ 1 ] Nordland , Norway",12.0,2,3.3333333333333335,3.0,0.8999999999999999,Top-10,True
Michael Schulte,66,28,32,2010,2018,4,Germany,2008.0,1990.0,pop,1.0,,10.0,8,2.8,4.0,1.4285714285714286,Top-10,True
Michał Szpak,4,2,2,2011,2016,8,Poland,2009.0,1990.0,rock,6.0,,7.0,10,0.2857142857142857,0.2,0.7000000000000001,Top-10,True
Mikolas Josef,8,0,7,2018,2018,6,Czech Republic,2018.0,1995.0,pop house folk hip hop r&b pop rock,1.0,,,8,,0.875,,Top-10,True
Monika Linkytė,11,8,0,2015,2023,9,Lithuania,2005.0,1992.0,electropop indie pop electronic,1.0,,18.0,3,0.4444444444444444,0.0,0.0,Top-10,True
Måneskin,67,21,30,2017,2021,1,Italy,2016.0,,pop rock alternative rock glam rock hard rock funk rock,1.0,"Rome , Italy",5.0,5,4.2,6.0,1.4285714285714286,Winner,True
Måns Zelmerlöw,42,17,16,2007,2015,1,Sweden,2005.0,1986.0,pop,1.0,,10.0,11,1.7,1.4545454545454546,0.8556149732620322,Winner,True
Mørland,2,0,1,2015,2015,8,Norway,2015.0,,Unknown,,,,11,,0.09090909090909091,,Top-10,True
Nadav Guedj,6,0,5,2015,2015,10,Israel,2015.0,1998.0,pop,4.0,"Netanya , Israel",,11,,0.45454545454545453,,Top-10,True
Nemo,23,23,0,2002,2024,1,Switzerland,2002.0,1999.0,hip hop pop,1.0,,22.0,2,1.0454545454545454,0.0,0.0,Winner,True
Netta,31,0,26,2018,2018,1,Israel,2012.0,1993.0,pop electropop experimental pop folk pop,1.0,,6.0,8,0.0,3.25,inf,Winner,True
Noa Kirel,44,34,5,2015,2023,3,Israel,2015.0,2001.0,pop dance-pop,1.0,"Ra'anana , Israel",8.0,3,4.25,1.6666666666666667,0.39215686274509803,Runner-up,True
Rasmussen,4,4,0,2006,2018,9,Denmark,2006.0,1985.0,pop rock,1.0,,12.0,8,0.3333333333333333,0.0,0.0,Top-10,True
Robin Bengtsson,12,4,6,2012,2017,5,Sweden,2008.0,1990.0,pop,1.0,,9.0,9,0.4444444444444444,0.6666666666666666,1.5,Top-10,True
Salvador Sobral,13,1,8,2016,2017,1,Portugal,2009.0,1989.0,alternative soul jazz,1.0,,8.0,9,0.125,0.8888888888888888,7.111111111111111,Winner,True
Sam Ryder,69,10,26,2019,2022,2,United Kingdom,2009.0,1989.0,pop pop rock metalcore glam metal hard rock indie pop,1.0,,13.0,4,0.7692307692307693,6.5,8.45,Runner-up,True
Shkodra Elektronike,8,7,0,2020,2025,8,Albania,2019.0,,folktronica,1.0,"Shkodër , Albania",6.0,1,1.1666666666666667,0.0,0.0,Top-10,False
Slimane,53,47,3,2011,2024,4,France,2016.0,1989.0,pop,1.0,,8.0,2,5.875,1.5,0.2553191489361702,Top-10,True
Subwoolfer,7,0,2,2022,2022,10,Norway,2021.0,,pop electropop edm [ 1 ],1.0,Norway,1.0,4,0.0,0.5,inf,Top-10,True
SunStroke Project,7,3,3,2010,2017,3,Moldova,2007.0,,electro house dance pop,1.0,"Chișinău , Moldova",10.0,9,0.3,0.3333333333333333,1.1111111111111112,Runner-up,True
The Black Mamba,12,9,1,2012,2021,10,Portugal,2010.0,,unknown,0.0,"Sintra , Portugal",11.0,5,0.8181818181818182,0.2,0.24444444444444444,Top-10,True
The Roop,22,14,6,2015,2021,8,Lithuania,2014.0,,pop rock soft rock dance-rock electronica indie,1.0,"Vilnius , Lithuania",7.0,5,2.0,1.2,0.6,Top-10,True
Tommy Cash,19,19,0,1967,2025,3,Estonia,1967.0,,Unknown,,,58.0,1,0.3275862068965517,0.0,0.0,Runner-up,False
Tvorchi,12,5,3,2019,2023,6,Ukraine,2017.0,,electronic,1.0,"Ternopil , Ukraine",6.0,3,0.8333333333333334,1.0,1.2,Top-10,True
Voyager,53,38,2,2003,2023,10,Australia,1999.0,,progressive metal [ 1 ] progressive rock [ 2 ] [ 3 ],1.0,"Perth , Western Australia",24.0,3,1.5833333333333333,0.6666666666666666,0.42105263157894735,Top-10,True
Ziferblat,5,3,0,2022,2025,9,Ukraine,2015.0,,unknown,0.0,"Kyiv , Ukraine",10.0,1,0.3,0.0,0.0,Top-10,False
Zoë Më,24,16,1,2018,2025,10,Switzerland,2018.0,2000.0,pop chanson,1.0,,7.0,1,2.2857142857142856,1.0,0.4375,Top-10,False
